buy_usdc,snusd_received,avg_price,borrowable_usdc,net_profit_usdc
100.0000000000,163.3612588278,0.6121402389,158.9943189917,-71.7832130083
150.0000000000,242.6358568520,0.6182103583,236.1497646380,-44.6277673620
200.0000000000,320.3688200018,0.6242804777,311.8047860788,-18.9727459212
250.0000000000,396.6046849582,0.6303505972,386.0027294495,5.2251974495
300.0000000000,471.3862892557,0.6364207166,458.7852871606,28.0077551606
350.0000000000,544.7548515487,0.6424908360,530.1925760178,49.4150440178
400.0000000000,616.7500473696,0.6485609555,600.2632109551,69.4856789551
450.0000000000,687.4100806725,0.6546310749,669.0343746663,88.2568426663
500.0000000000,756.7717514329,0.6607011943,736.5418833976,105.7643513976
550.0000000000,824.8705195554,0.6667713138,802.8202491466,122.0427171466
600.0000000000,891.7405653213,0.6728414332,867.9027384944,137.1252064944
650.0000000000,957.4148465943,0.6789115526,931.8214282817,151.0438962817
700.0000000000,1021.9251529839,0.6849816720,994.6072583245,163.8297263245
750.0000000000,1085.3021571544,0.6910517915,1056.2900813520,175.5125493520
800.0000000000,1147.5754634536,0.6971219109,1116.8987103345,186.1211783345
850.0000000000,1208.7736540223,0.7031920303,1176.4609633608,195.6834313608
900.0000000000,1268.9243325368,0.7092621498,1235.0037062113,204.2261742113
950.0000000000,1328.0541657232,0.7153322692,1292.5528927628,211.7753607628
1000.0000000000,1386.1889227771,0.7214023886,1349.1336033539,218.3560713539
1050.0000000000,1443.3535128087,0.7274725081,1404.7700812296,223.9925492296
1100.0000000000,1499.5720204294,0.7335426275,1459.4857671763,228.7082351763
1150.0000000000,1554.8677395856,0.7396127469,1513.3033324514,232.5258004514
1200.0000000000,1609.2632057401,0.7456828664,1566.2447101044,235.4671781044
1250.0000000000,1662.7802264947,0.7517529858,1618.3311247807,237.5535927807
1300.0000000000,1715.4399107406,0.7578231052,1669.5831210929,238.8055890929
1350.0000000000,1767.2626964192,0.7638932247,1720.0205906395,239.2430586395
1400.0000000000,1818.2683769700,0.7699633441,1769.6627977458,238.8852657458
1450.0000000000,1868.4761265365,0.7760334635,1818.5284039962,237.7508719962
1500.0000000000,1917.9045239996,0.7821035830,1866.6354916244,235.8579596244
1550.0000000000,1966.5715758987,0.7881737024,1914.0015858230,233.2240538230
1600.0000000000,2014.4947383037,0.7942438218,1960.6436760296,229.8661440296
1650.0000000000,2061.6909376899,0.8003139413,2006.5782362445,225.8007042445
1700.0000000000,2108.1765908712,0.8063840607,2051.8212444306,221.0437124306
1750.0000000000,2153.9676240392,0.8124541801,2096.3882010439,215.6106690439
1800.0000000000,2199.0794909554,0.8185242996,2140.2941467391,209.5166147391
1850.0000000000,2243.5271903399,0.8245944190,2183.5536792935,202.7761472935
1900.0000000000,2287.3252824972,0.8306645384,2226.1809697885,195.4034377885
1950.0000000000,2330.4879052192,0.8367346579,2268.1897780875,187.4122460875
2000.0000000000,2373.0287890000,0.8428047773,2309.5934676438,178.8159356438
2050.0000000000,2414.9612715987,0.8488748967,2350.4050196743,169.6274876743
2100.0000000000,2456.2983119815,0.8549450161,2390.6370467286,159.8595147286
2150.0000000000,2497.0525036738,0.8610151356,2430.3018056848,149.5242736848
2200.0000000000,2537.2360875523,0.8670852550,2469.4112101987,138.6336781987
2250.0000000000,2576.8609641021,0.8731553744,2507.9768426343,127.1993106343
2300.0000000000,2615.9387051678,0.8792254939,2546.0099654999,115.2324334999
2350.0000000000,2654.4805652197,0.8852956133,2583.5215324136,102.7440004136
2400.0000000000,2692.4974921603,0.8913657327,2620.5221986208,89.7446666208
2450.0000000000,2730.0001376926,0.8974358522,2657.0223310854,76.2447990854
2500.0000000000,2766.9988672697,0.9035059716,2693.0320181732,62.2544861732
2550.0000000000,2803.5037696461,0.9095760910,2728.5610789484,47.7835469484
2600.0000000000,2839.5246660501,0.9156462105,2763.6190721000,32.8415401000
2650.0000000000,2875.0711189921,0.9217163299,2798.2153045155,17.4377725155
2700.0000000000,2910.1524407288,0.9277864493,2832.3588395181,1.5813075181
2750.0000000000,2944.7777013960,0.9338565688,2866.0585047826,-14.7190272174
2800.0000000000,2978.9557368268,0.9399266882,2899.3228999445,-31.4546320555
2850.0000000000,3012.6951560693,0.9459968076,2932.1604039165,-48.6171280835
2900.0000000000,3046.0043486153,0.9520669271,2964.5791819244,-66.1983500756
2950.0000000000,3078.8914913561,0.9581370465,2996.5871922762,-84.1903397238
3000.0000000000,3111.3645552739,0.9642071659,3028.1921928757,-102.5853391243
3050.0000000000,3143.4313118828,0.9702772854,3059.4017474904,-121.3757845096
3100.0000000000,3175.0993394299,0.9763474048,3090.2232317871,-140.5543002129
3150.0000000000,3206.3760288652,0.9824175242,3120.6638391427,-160.1136928573
3200.0000000000,3237.2685895934,0.9884876437,3150.7305862413,-180.0469457587
3250.0000000000,3267.7840550132,0.9945577631,3180.4303184664,-200.3472135336
3300.0000000000,3297.9292878564,1.0006278825,3209.7697150965,-221.0078169035
3350.0000000000,3327.7109853328,1.0066980019,3238.7552943131,-242.0222376869
3400.0000000000,3357.1356840910,1.0127681214,3267.3934180284,-263.3841139716
3450.0000000000,3386.2097650012,1.0188382408,3295.6902965405,-285.0872354595
3500.0000000000,3414.9394577684,1.0249083602,3323.6519930230,-307.1255389770
3550.0000000000,3443.3308453822,1.0309784797,3351.2844278566,-329.4931041434
3600.0000000000,3471.3898684109,1.0370485991,3378.5933828073,-352.1841491927
3650.0000000000,3499.1223291454,1.0431187185,3405.5845050605,-375.1930269395
3700.0000000000,3526.5338955992,1.0491888380,3432.2633111133,-398.5142208867
3750.0000000000,3553.6301053700,1.0552589574,3458.6351905337,-422.1423414663
3800.0000000000,3580.4163693699,1.0613290768,3484.7054095902,-446.0721224098
3850.0000000000,3606.8979754270,1.0673991963,3510.4791147580,-470.2984172420
3900.0000000000,3633.0800917658,1.0734693157,3535.9613361054,-494.8161958946
3950.0000000000,3658.9677703694,1.0795394351,3561.1569905671,-519.6205414329
4000.0000000000,3684.5659502296,1.0856095546,3586.0708851067,-544.7066468933
4050.0000000000,3709.8794604880,1.0916796740,3610.7077197743,-570.0698122257
4100.0000000000,3734.9130234736,1.0977497934,3635.0720906624,-595.7054413376
4150.0000000000,3759.6712576389,1.1038199129,3659.1684927641,-621.6090392359
4200.0000000000,3784.1586804015,1.1098900323,3683.0013227382,-647.7762092618
4250.0000000000,3808.3797108910,1.1159601517,3706.5748815831,-674.2026504169
4300.0000000000,3832.3386726081,1.1220302712,3729.8933772246,-700.8841547754
4350.0000000000,3856.0397959976,1.1281003906,3752.9609270200,-727.8166049800
4400.0000000000,3879.4872209380,1.1341705100,3775.7815601815,-754.9959718185
4450.0000000000,3902.6849991528,1.1402406295,3798.3592201228,-782.4183118772
4500.0000000000,3925.6370965443,1.1463107489,3820.6977667303,-810.0797652697
4550.0000000000,3948.3473954537,1.1523808683,3842.8009785634,-837.9765534366
4600.0000000000,3970.8196968505,1.1584509878,3864.6725549849,-866.1049770151
4650.0000000000,3993.0577224536,1.1645211072,3886.3161182253,-894.4614137747
4700.0000000000,4015.0651167854,1.1705912266,3907.7352153826,-923.0423166174
4750.0000000000,4036.8454491636,1.1766613460,3928.9333203601,-951.8442116399
4800.0000000000,4058.4022156308,1.1827314655,3949.9138357449,-980.8636962551
4850.0000000000,4079.7388408251,1.1888015849,3970.6800946284,-1010.0974373716
4900.0000000000,4100.8586797942,1.1948717043,3991.2353623718,-1039.5421696282
4950.0000000000,4121.7650197538,1.2009418238,4011.5828383177,-1069.1946936823
5000.0000000000,4142.4610817934,1.2070119432,4031.7256574499,-1099.0518745501
5050.0000000000,4162.9500225305,1.2130820626,4051.6668920042,-1129.1106399958
5100.0000000000,4183.2349357162,1.2191521821,4071.4095530299,-1159.3679789701
5150.0000000000,4203.3188537917,1.2252223015,4090.9565919056,-1189.8209400944
5200.0000000000,4223.2047494003,1.2312924209,4110.3109018106,-1220.4666301894
5250.0000000000,4242.8955368535,1.2373625404,4129.4753191517,-1251.3022128483
5300.0000000000,4262.3940735554,1.2434326598,4148.4526249493,-1282.3249070507
5350.0000000000,4281.7031613845,1.2495027792,4167.2455461827,-1313.5319858173
5400.0000000000,4300.8255480362,1.2555728987,4185.8567570965,-1344.9207749035
5450.0000000000,4319.7639283262,1.2616430181,4204.2888804690,-1376.4886515310
5500.0000000000,4338.5209454562,1.2677131375,4222.5444888446,-1408.2330431554
5550.0000000000,4357.0991922444,1.2737832570,4240.6261057307,-1440.1514262693
5600.0000000000,4375.5012123196,1.2798533764,4258.5362067602,-1472.2413252398
5650.0000000000,4393.7295012824,1.2859234958,4276.2772208221,-1504.5003111779
5700.0000000000,4411.7865078337,1.2919936153,4293.8515311589,-1536.9260008411
5750.0000000000,4429.6746348710,1.2980637347,4311.2614764344,-1569.5160555656
5800.0000000000,4447.3962405544,1.3041338541,4328.5093517709,-1602.2681802291
5850.0000000000,4464.9536393429,1.3102039736,4345.5974097577,-1635.1801222423
5900.0000000000,4482.3491030024,1.3162740930,4362.5278614323,-1668.2496705677
5950.0000000000,4499.5848615851,1.3223442124,4379.3028772337,-1701.4746547663
6000.0000000000,4516.6631043829,1.3284143318,4395.9245879299,-1734.8529440701
6050.0000000000,4533.5859808542,1.3344844513,4412.3950855206,-1768.3824464794
6100.0000000000,4550.3556015259,1.3405545707,4428.7164241144,-1802.0611078856
6150.0000000000,4566.9740388708,1.3466246901,4444.8906207833,-1835.8869112167
6200.0000000000,4583.4433281614,1.3526948096,4460.9196563933,-1869.8578756067
6250.0000000000,4599.7654683009,1.3587649290,4476.8054764131,-1903.9720555869
6300.0000000000,4615.9424226318,1.3648350484,4492.5499917019,-1938.2275402981
6350.0000000000,4631.9761197234,1.3709051679,4508.1550792746,-1972.6224527254
6400.0000000000,4647.8684541381,1.3769752873,4523.6225830487,-2007.1549489513
6450.0000000000,4663.6212871779,1.3830454067,4538.9543145701,-2041.8232174299
6500.0000000000,4679.2364476107,1.3891155262,4554.1520537206,-2076.6254782794
6550.0000000000,4694.7157323783,1.3951856456,4569.2175494065,-2111.5599825935
6600.0000000000,4710.0609072860,1.4012557650,4584.1525202298,-2146.6250117702
6650.0000000000,4725.2737076733,1.4073258845,4598.9586551415,-2181.8188768585
6700.0000000000,4740.3558390692,1.4133960039,4613.6376140784,-2217.1399179216
6750.0000000000,4755.3089778285,1.4194661233,4628.1910285837,-2252.5865034163
6800.0000000000,4770.1347717537,1.4255362428,4642.6205024110,-2288.1570295890
6850.0000000000,4784.8348407000,1.4316063622,4656.9276121139,-2323.8499198861
6900.0000000000,4799.4107771655,1.4376764816,4671.1139076201,-2359.6636243799
6950.0000000000,4813.8641468661,1.4437466011,4685.1809127911,-2395.5966192089
7000.0000000000,4828.1964892960,1.4498167205,4699.1301259678,-2431.6474060322
7050.0000000000,4842.4093182748,1.4558868399,4712.9630205026,-2467.8145114974
7100.0000000000,4856.5041224804,1.4619569594,4726.6810452783,-2504.0964867217
7150.0000000000,4870.4823659683,1.4680270788,4740.2856252136,-2540.4919067864
7200.0000000000,4884.3454886792,1.4740971982,4753.7781617570,-2576.9993702430
7250.0000000000,4898.0949069331,1.4801673177,4767.1600333678,-2613.6174986322
7300.0000000000,4911.7320139118,1.4862374371,4780.4325959855,-2650.3449360145
7350.0000000000,4925.2581801294,1.4923075565,4793.5971834879,-2687.1803485121
7400.0000000000,4938.6747538914,1.4983776759,4806.6551081378,-2724.1224238622
7450.0000000000,4951.9830617431,1.5044477954,4819.6076610196,-2761.1698709804
7500.0000000000,4965.1844089062,1.5105179148,4832.4561124642,-2798.3214195358
7550.0000000000,4978.2800797062,1.5165880342,4845.2017124646,-2835.5758195354
7600.0000000000,4991.2713379883,1.5226581537,4857.8456910813,-2872.9318409187
7650.0000000000,5004.1594275246,1.5287282731,4870.3892588380,-2910.3882731620
7700.0000000000,5016.9455724105,1.5347983925,4882.8336071080,-2947.9439248920
7750.0000000000,5029.6309774528,1.5408685120,4895.1799084911,-2985.5976235089
7800.0000000000,5042.2168285475,1.5469386314,4907.4293171826,-3023.3482148174
7850.0000000000,5054.7042930501,1.5530087508,4919.5829693323,-3061.1945626677
7900.0000000000,5067.0945201359,1.5590788703,4931.6419833959,-3099.1355486041
7950.0000000000,5079.3886411530,1.5651489897,4943.6074604787,-3137.1700715213
8000.0000000000,5091.5877699663,1.5712191091,4955.4804846698,-3175.2970473302
8050.0000000000,5103.6930032942,1.5772892286,4967.2621233706,-3213.5154086294
8100.0000000000,5115.7054210371,1.5833593480,4978.9534276136,-3251.8241043864
8150.0000000000,5127.6260865987,1.5894294674,4990.5554323759,-3290.2220996241
8200.0000000000,5139.4560471996,1.5954995869,5002.0691568840,-3328.7083751160
8250.0000000000,5151.1963341841,1.6015697063,5013.4956049125,-3367.2819270875
8300.0000000000,5162.8479633199,1.6076398257,5024.8357650758,-3405.9417669242
8350.0000000000,5174.4119350913,1.6137099452,5036.0906111135,-3444.6869208865
8400.0000000000,5185.8892349850,1.6197800646,5047.2611021685,-3483.5164298315
8450.0000000000,5197.2808337708,1.6258501840,5058.3481830600,-3522.4293489400
8500.0000000000,5208.5876877745,1.6319203035,5069.3527845498,-3561.4247474502
8550.0000000000,5219.8107391464,1.6379904229,5080.2758236026,-3600.5017083974
8600.0000000000,5230.9509161223,1.6440605423,5091.1182036408,-3639.6593283592
8650.0000000000,5242.0091332798,1.6501306618,5101.8808147936,-3678.8967172064
8700.0000000000,5252.9862917882,1.6562007812,5112.5645341408,-3718.2129978592
8750.0000000000,5263.8832796541,1.6622709006,5123.1702259507,-3757.6073060493
8800.0000000000,5274.7009719599,1.6683410200,5133.6987419131,-3797.0787900869
8850.0000000000,5285.4402310986,1.6744111395,5144.1509213680,-3836.6266106320
8900.0000000000,5296.1019070031,1.6804812589,5154.5275915278,-3876.2499404722
8950.0000000000,5306.6868373701,1.6865513783,5164.8295676961,-3915.9479643039
9000.0000000000,5317.1958478794,1.6926214978,5175.0576534810,-3955.7198785190
9050.0000000000,5327.6297524093,1.6986916172,5185.2126410040,-3995.5648909960
9100.0000000000,5337.9893532458,1.7047617366,5195.2953111049,-4035.4822208951
9150.0000000000,5348.2754412890,1.7108318561,5205.3064335415,-4075.4710984585
9200.0000000000,5358.4887962538,1.7169019755,5215.2467671855,-4115.5307648145
9250.0000000000,5368.6301868676,1.7229720949,5225.1170602148,-4155.6604717852
9300.0000000000,5378.7003710622,1.7290422144,5234.9180503004,-4195.8594816996
9350.0000000000,5388.7000961637,1.7351123338,5244.6504647910,-4236.1270672090
9400.0000000000,5398.6300990767,1.7411824532,5254.3150208924,-4276.4625111076
9450.0000000000,5408.4911064654,1.7472525727,5263.9124258438,-4316.8651061562
9500.0000000000,5418.2838349311,1.7533226921,5273.4433770904,-4357.3341549096
9550.0000000000,5428.0089911855,1.7593928115,5282.9085624523,-4397.8689695477
9600.0000000000,5437.6672722211,1.7654629310,5292.3086602901,-4438.4688717099
9650.0000000000,5447.2593654772,1.7715330504,5301.6443396666,-4479.1331923334
9700.0000000000,5456.7859490036,1.7776031698,5310.9162605061,-4519.8612714939
9750.0000000000,5466.2476916197,1.7836732893,5320.1250737494,-4560.6524582506
9800.0000000000,5475.6452530718,1.7897434087,5329.2714215063,-4601.5061104937
9850.0000000000,5484.9792841856,1.7958135281,5338.3559372051,-4642.4215947949
9900.0000000000,5494.2504270173,1.8018836476,5347.3792457384,-4683.3982862616
9950.0000000000,5503.4593150001,1.8079537670,5356.3419636068,-4724.4355683932
10000.0000000000,5512.6065730889,1.8140238864,5365.2446990589,-4765.5328329411
10050.0000000000,5521.6928179016,1.8200940058,5374.0880522294,-4806.6894797706
10100.0000000000,5530.7186578575,1.8261641253,5382.8726152734,-4847.9049167266
10150.0000000000,5539.6846933134,1.8322342447,5391.5989724990,-4889.1785595010
10200.0000000000,5548.5915166963,1.8383043641,5400.2677004968,-4930.5098315032
10250.0000000000,5557.4397126344,1.8443744836,5408.8793682665,-4971.8981637335
10300.0000000000,5566.2298580844,1.8504446030,5417.4345373421,-5013.3429946579
10350.0000000000,5574.9625224576,1.8565147224,5425.9337619132,-5054.8437700868
10400.0000000000,5583.6382677424,1.8625848419,5434.3775889454,-5096.3999430546
10450.0000000000,5592.2576486248,1.8686549613,5442.7665582969,-5138.0109737031
10500.0000000000,5600.8212126069,1.8747250807,5451.1012028341,-5179.6763291659
10550.0000000000,5609.3295001229,1.8807952002,5459.3820485444,-5221.3954834556
10600.0000000000,5617.7830446524,1.8868653196,5467.6096146465,-5263.1679173535
10650.0000000000,5626.1823728321,1.8929354390,5475.7844136992,-5304.9931183008
10700.0000000000,5634.5280045653,1.8990055585,5483.9069517079,-5346.8705802921
10750.0000000000,5642.8204531290,1.9050756779,5491.9777282287,-5388.7998037713
10800.0000000000,5651.0602252791,1.9111457973,5499.9972364711,-5430.7802955289
10850.0000000000,5659.2478213539,1.9172159168,5507.9659633984,-5472.8115686016
10900.0000000000,5667.3837353751,1.9232860362,5515.8843898261,-5514.8931421739
10950.0000000000,5675.4684551472,1.9293561556,5523.7529905190,-5557.0245414810
11000.0000000000,5683.5024623552,1.9354262751,5531.5722342857,-5599.2052977143
11050.0000000000,5691.4862326598,1.9414963945,5539.3425840717,-5641.4349479283
11100.0000000000,5699.4202357921,1.9475665139,5547.0644970512,-5683.7130349488
11150.0000000000,5707.3049356447,1.9536366334,5554.7384247163,-5726.0391072837
11200.0000000000,5715.1407903630,1.9597067528,5562.3648129652,-5768.4127190348
11250.0000000000,5722.9282524334,1.9657768722,5569.9441021887,-5810.8334298113
11300.0000000000,5730.6677687707,1.9718469917,5577.4767273545,-5853.3008046455
11350.0000000000,5738.3597808033,1.9779171111,5584.9631180911,-5895.8144139089
11400.0000000000,5746.0047245575,1.9839872305,5592.4036987688,-5938.3738332312
11450.0000000000,5753.6030307395,1.9900573499,5599.7988885804,-5980.9786434196
11500.0000000000,5761.1551248166,1.9961274694,5607.1491016197,-6023.6284303803
11550.0000000000,5768.6614270964,2.0021975888,5614.4547469587,-6066.3227850413
11600.0000000000,5776.1223528051,2.0082677082,5621.7162287238,-6109.0613032762
11650.0000000000,5783.5383121635,2.0143378277,5628.9339461699,-6151.8435858301
11700.0000000000,5790.9097104628,2.0204079471,5636.1082937540,-6194.6692382460
11750.0000000000,5798.2369481380,2.0264780665,5643.2396612068,-6237.5378707932
11800.0000000000,5805.5204208406,2.0325481860,5650.3284336034,-6280.4490983966
11850.0000000000,5812.7605195098,2.0386183054,5657.3749914324,-6323.4025405676
11900.0000000000,5819.9576304426,2.0446884248,5664.3797106643,-6366.3978213357
11950.0000000000,5827.1121353621,2.0507585443,5671.3429628182,-6409.4345691818
12000.0000000000,5834.2244114852,2.0568286637,5678.2651150273,-6452.5124169727
12050.0000000000,5841.2948315892,2.0628987831,5685.1465301038,-6495.6310018962
12100.0000000000,5848.3237640764,2.0689689026,5691.9875666021,-6538.7899653979
12150.0000000000,5855.3115730384,2.0750390220,5698.7885788809,-6581.9889531191
12200.0000000000,5862.2586183192,2.0811091414,5705.5499171648,-6625.2276148352
12250.0000000000,5869.1652555761,2.0871792609,5712.2719276039,-6668.5056043961
12300.0000000000,5876.0318363416,2.0932493803,5718.9549523335,-6711.8225796665
12350.0000000000,5882.8587080820,2.0993194997,5725.5993295316,-6755.1782024684
12400.0000000000,5889.6462142565,2.1053896192,5732.2053934761,-6798.5721385239
12450.0000000000,5896.3946943750,2.1114597386,5738.7734746011,-6842.0040573989
12500.0000000000,5903.1044840540,2.1175298580,5745.3038995516,-6885.4736324484
12550.0000000000,5909.7759150731,2.1235999775,5751.7969912381,-6928.9805407619
12600.0000000000,5916.4093154290,2.1296700969,5758.2530688893,-6972.5244631107
12650.0000000000,5923.0050093897,2.1357402163,5764.6724481049,-7016.1050838951
12700.0000000000,5929.5633175469,2.1418103357,5771.0554409067,-7059.7220910933
12750.0000000000,5936.0845568685,2.1478804552,5777.4023557894,-7103.3751762106
12800.0000000000,5942.5690407492,2.1539505746,5783.7134977702,-7147.0640342298
12850.0000000000,5949.0170790609,2.1600206940,5789.9891684375,-7190.7883635625
12900.0000000000,5955.4289782020,2.1660908135,5796.2296659992,-7234.5478660008
12950.0000000000,5961.8050411462,2.1721609329,5802.4352853298,-7278.3422466702
13000.0000000000,5968.1455674896,2.1782310523,5808.6063180169,-7322.1712139831
13050.0000000000,5974.4508534983,2.1843011718,5814.7430524067,-7366.0344795933
13100.0000000000,5980.7211921543,2.1903712912,5820.8457736492,-7409.9317583508
13150.0000000000,5986.9568732006,2.1964414106,5826.9147637422,-7453.8627682578
13200.0000000000,5993.1581831863,2.2025115301,5832.9503015747,-7497.8272304253
13250.0000000000,5999.3254055100,2.2085816495,5838.9526629698,-7541.8248690302
13300.0000000000,6005.4588204637,2.2146517689,5844.9221207264,-7585.8554112736
13350.0000000000,6011.5587052742,2.2207218884,5850.8589446610,-7629.9185873390
13400.0000000000,6017.6253341460,2.2267920078,5856.7634016477,-7674.0141303523
13450.0000000000,6023.6589783016,2.2328621272,5862.6357556589,-7718.1417763411
13500.0000000000,6029.6599060222,2.2389322467,5868.4762678042,-7762.3012641958
13550.0000000000,6035.6283826875,2.2450023661,5874.2851963692,-7806.4923356308
13600.0000000000,6041.5646708148,2.2510724855,5880.0627968536,-7850.7147351464
13650.0000000000,6047.4690300973,2.2571426050,5885.8093220086,-7894.9682099914
13700.0000000000,6053.3417174423,2.2632127244,5891.5250218738,-7939.2525101262
13750.0000000000,6059.1829870081,2.2692828438,5897.2101438136,-7983.5673881864
13800.0000000000,6064.9930902411,2.2753529633,5902.8649325525,-8027.9125994475
13850.0000000000,6070.7722759115,2.2814230827,5908.4896302108,-8072.2879017892
13900.0000000000,6076.5207901488,2.2874932021,5914.0844763386,-8116.6930556614
13950.0000000000,6082.2388764772,2.2935633216,5919.6497079501,-8161.1278240499
14000.0000000000,6087.9267758494,2.2996334410,5925.1855595569,-8205.5919724431
14050.0000000000,6093.5847266809,2.3057035604,5930.6922632013,-8250.0852687987
14100.0000000000,6099.2129648830,2.3117736798,5936.1700484883,-8294.6074835117
14150.0000000000,6104.8117238958,2.3178437993,5941.6191426176,-8339.1583893824
14200.0000000000,6110.3812347204,2.3239139187,5947.0397704153,-8383.7377615847
14250.0000000000,6115.9217259505,2.3299840381,5952.4321543644,-8428.3453776356
14300.0000000000,6121.4334238041,2.3360541576,5957.7965146357,-8472.9810173643
14350.0000000000,6126.9165521539,2.3421242770,5963.1330691173,-8517.6444628827
14400.0000000000,6132.3713325577,2.3481943964,5968.4420334444,-8562.3354985556
14450.0000000000,6137.7979842884,2.3542645159,5973.7236210284,-8607.0539109716
14500.0000000000,6143.1967243631,2.3603346353,5978.9780430851,-8651.7994889149
14550.0000000000,6148.5677675724,2.3664047547,5984.2055086633,-8696.5720233367
14600.0000000000,6153.9113265085,2.3724748742,5989.4062246723,-8741.3713073277
14650.0000000000,6159.2276115936,2.3785449936,5994.5803959093,-8786.1971360907
14700.0000000000,6164.5168311071,2.3846151130,5999.7282250862,-8831.0493069138
14750.0000000000,6169.7791912135,2.3906852325,6004.8499128559,-8875.9276191441
14800.0000000000,6175.0148959882,2.3967553519,6009.9456578390,-8920.8318741610
14850.0000000000,6180.2241474448,2.4028254713,6015.0156566486,-8965.7618753514
14900.0000000000,6185.4071455605,2.4088955908,6020.0601039164,-9010.7174280836
14950.0000000000,6190.5640883021,2.4149657102,6025.0791923169,-9055.6983396831
15000.0000000000,6195.6951716509,2.4210358296,6030.0731125926,-9100.7044194074
15050.0000000000,6200.8005896274,2.4271059491,6035.0420535776,-9145.7354784224
15100.0000000000,6205.8805343164,2.4331760685,6039.9862022217,-9190.7913297783
15150.0000000000,6210.9351958903,2.4392461879,6044.9057436139,-9235.8717883861
15200.0000000000,6215.9647626335,2.4453163074,6049.8008610052,-9280.9766709948
15250.0000000000,6220.9694209653,2.4513864268,6054.6717358317,-9326.1057961683
15300.0000000000,6225.9493554631,2.4574565462,6059.5185477367,-9371.2589842633
15350.0000000000,6230.9047488852,2.4635266656,6064.3414745931,-9416.4360574069
15400.0000000000,6235.8357821931,2.4695967851,6069.1406925248,-9461.6368394752
15450.0000000000,6240.7426345734,2.4756669045,6073.9163759285,-9506.8611560715
15500.0000000000,6245.6254834596,2.4817370239,6078.6686974947,-9552.1088345053
15550.0000000000,6250.4845045536,2.4878071434,6083.3978282283,-9597.3797037717
15600.0000000000,6255.3198718464,2.4938772628,6088.1039374694,-9642.6735945307
15650.0000000000,6260.1317576395,2.4999473822,6092.7871929133,-9687.9903390867
15700.0000000000,6264.9203325647,2.5060175017,6097.4477606307,-9733.3297713693
15750.0000000000,6269.6857656046,2.5120876211,6102.0858050870,-9778.6917269130
15800.0000000000,6274.4282241126,2.5181577405,6106.7014891619,-9824.0760428381
15850.0000000000,6279.1478738323,2.5242278600,6111.2949741683,-9869.4825578317
15900.0000000000,6283.8448789166,2.5302979794,6115.8664198712,-9914.9111121288
15950.0000000000,6288.5194019473,2.5363680988,6120.4159845061,-9960.3615474939
16000.0000000000,6293.1716039533,2.5424382183,6124.9438247974,-10005.8337072026
16050.0000000000,6297.8016444295,2.5485083377,6129.4500959764,-10051.3274360236
16100.0000000000,6302.4096813547,2.5545784571,6133.9349517988,-10096.8425802012
16150.0000000000,6306.9958712098,2.5606485766,6138.3985445625,-10142.3789874375
16200.0000000000,6311.5603689953,2.5667186960,6142.8410251247,-10187.9365068753
16250.0000000000,6316.1033282493,2.5727888154,6147.2625429189,-10233.5149890811
16300.0000000000,6320.6249010637,2.5788589349,6151.6632459715,-10279.1142860285
16350.0000000000,6325.1252381023,2.5849290543,6156.0432809187,-10324.7342510813
16400.0000000000,6329.6044886167,2.5909991737,6160.4027930224,-10370.3747389776
16450.0000000000,6334.0628004634,2.5970692932,6164.7419261865,-10416.0356058135
16500.0000000000,6338.5003201195,2.6031394126,6169.0608229726,-10461.7167090274
16550.0000000000,6342.9171926991,2.6092095320,6173.3596246158,-10507.4179073842
16600.0000000000,6347.3135619693,2.6152796515,6177.6384710397,-10553.1390609603
16650.0000000000,6351.6895703652,2.6213497709,6181.8975008721,-10598.8800311279
16700.0000000000,6356.0453590058,2.6274198903,6186.1368514596,-10644.6406805404
16750.0000000000,6360.3810677090,2.6334900097,6190.3566588825,-10690.4208731175
16800.0000000000,6364.6968350066,2.6395601292,6194.5570579694,-10736.2204740306
16850.0000000000,6368.9927981588,2.6456302486,6198.7381823112,-10782.0393496888
16900.0000000000,6373.2690931693,2.6517003680,6202.9001642761,-10827.8773677239
16950.0000000000,6377.5258547990,2.6577704875,6207.0431350225,-10873.7343969775
17000.0000000000,6381.7632165807,2.6638406069,6211.1672245137,-10919.6103074863
17050.0000000000,6385.9813108327,2.6699107263,6215.2725615309,-10965.5049704691
17100.0000000000,6390.1802686727,2.6759808458,6219.3592736868,-11011.4182583132
17150.0000000000,6394.3602200316,2.6820509652,6223.4274874389,-11057.3500445611
17200.0000000000,6398.5212936665,2.6881210846,6227.4773281025,-11103.3002038975
17250.0000000000,6402.6636171741,2.6941912041,6231.5089198634,-11149.2686121366
17300.0000000000,6406.7873170040,2.7002613235,6235.5223857908,-11195.2551462092
17350.0000000000,6410.8925184710,2.7063314429,6239.5178478500,-11241.2596841500
17400.0000000000,6414.9793457685,2.7124015624,6243.4954269140,-11287.2821050860
17450.0000000000,6419.0479219802,2.7184716818,6247.4552427767,-11333.3222892233
17500.0000000000,6423.0983690933,2.7245418012,6251.3974141641,-11379.3801178359
17550.0000000000,6427.1308080101,2.7306119207,6255.3220587466,-11425.4554732534
17600.0000000000,6431.1453585603,2.7366820401,6259.2292931507,-11471.5482388493
17650.0000000000,6435.1421395128,2.7427521595,6263.1192329703,-11517.6582990297
17700.0000000000,6439.1212685872,2.7488222790,6266.9919927783,-11563.7855392217
17750.0000000000,6443.0828624659,2.7548923984,6270.8476861378,-11609.9298458622
17800.0000000000,6447.0270368051,2.7609625178,6274.6864256133,-11656.0911063867
17850.0000000000,6450.9539062458,2.7670326373,6278.5083227815,-11702.2692092185
17900.0000000000,6454.8635844256,2.7731027567,6282.3134882420,-11748.4640437580
17950.0000000000,6458.7561839892,2.7791728761,6286.1020316284,-11794.6755003716
18000.0000000000,6462.6318165993,2.7852429955,6289.8740616183,-11840.9034703817
18050.0000000000,6466.4905929472,2.7913131150,6293.6296859443,-11887.1478460557
18100.0000000000,6470.3326227635,2.7973832344,6297.3690114036,-11933.4085205964
18150.0000000000,6474.1580148286,2.8034533538,6301.0921438686,-11979.6853881314
18200.0000000000,6477.9668769824,2.8095234733,6304.7991882966,-12025.9783437034
18250.0000000000,6481.7593161353,2.8155935927,6308.4902487399,-12072.2872832601
18300.0000000000,6485.5354382775,2.8216637121,6312.1654283555,-12118.6121036445
18350.0000000000,6489.2953484889,2.8277338316,6315.8248294144,-12164.9527025856
18400.0000000000,6493.0391509495,2.8338039510,6319.4685533115,-12211.3089786885
18450.0000000000,6496.7669489483,2.8398740704,6323.0967005749,-12257.6808314251
18500.0000000000,6500.4788448931,2.8459441899,6326.7093708747,-12304.0681611253
18550.0000000000,6504.1749403199,2.8520143093,6330.3066630328,-12350.4708689672
18600.0000000000,6507.8553359021,2.8580844287,6333.8886750313,-12396.8888569687
18650.0000000000,6511.5201314597,2.8641545482,6337.4555040219,-12443.3220279781
18700.0000000000,6515.1694259682,2.8702246676,6341.0072463342,-12489.7702856658
18750.0000000000,6518.8033175676,2.8762947870,6344.5439974850,-12536.2335345150
18800.0000000000,6522.4219035713,2.8823649065,6348.0658521860,-12582.7116798140
18850.0000000000,6526.0252804746,2.8884350259,6351.5729043532,-12629.2046276468
18900.0000000000,6529.6135439633,2.8945051453,6355.0652471145,-12675.7122848855
18950.0000000000,6533.1867889222,2.9005752648,6358.5429728183,-12722.2345591817
19000.0000000000,6536.7451094436,2.9066453842,6362.0061730417,-12768.7713589583
19050.0000000000,6540.2885988355,2.9127155036,6365.4549385982,-12815.3225934018
19100.0000000000,6543.8173496295,2.9187856231,6368.8893595460,-12861.8881724540
19150.0000000000,6547.3314535891,2.9248557425,6372.3095251956,-12908.4680068044
19200.0000000000,6550.8310017177,2.9309258619,6375.7155241178,-12955.0620078822
19250.0000000000,6554.3160842664,2.9369959814,6379.1074441510,-13001.6700878490
19300.0000000000,6557.7867907416,2.9430661008,6382.4853724089,-13048.2921595911
19350.0000000000,6561.2432099128,2.9491362202,6385.8493952881,-13094.9281367119
19400.0000000000,6564.6854298202,2.9552063396,6389.1995984754,-13141.5779335246
19450.0000000000,6568.1135377822,2.9612764591,6392.5360669548,-13188.2414650452
19500.0000000000,6571.5276204025,2.9673465785,6395.8588850152,-13234.9186469848
19550.0000000000,6574.9277635779,2.9734166979,6399.1681362570,-13281.6093957430
19600.0000000000,6578.3140525048,2.9794868174,6402.4639035994,-13328.3136284006
19650.0000000000,6581.6865716872,2.9855569368,6405.7462692872,-13375.0312627128
19700.0000000000,6585.0454049430,2.9916270562,6409.0153148977,-13421.7622171023
19750.0000000000,6588.3906354111,2.9976971757,6412.2711213476,-13468.5064106524
19800.0000000000,6591.7223455586,3.0037672951,6415.5137688993,-13515.2637631007
19850.0000000000,6595.0406171872,3.0098374145,6418.7433371678,-13562.0341948322
19900.0000000000,6598.3455314401,3.0159075340,6421.9599051272,-13608.8176268728
19950.0000000000,6601.6371688083,3.0219776534,6425.1635511171,-13655.6139808829
20000.0000000000,6604.9156091378,3.0280477728,6428.3543528487,-13702.4231791513
